capacity,cost
0.053888695,78.75
0.062870144,55.91
0.071851593,39.015
0.080833042,22.14
0.089814492,6.76
0.098795941,0.0
