capacity,cost
0.062870144,113.36
0.071851593,82.92
0.080833042,61.66
0.089814492,40.42
0.098795941,26.85
0.10777739,14.815
0.116758839,2.8
0.125740288,0.0
