capacity,cost
0.044907246,82.96
0.053888695,61.22
0.062870144,40.19
0.071851593,19.18
0.080833042,6.36
0.089814492,0.0
